<!DOCTYPE ui:UiBinder SYSTEM "http://dl.google.com/gwt/DTD/xhtml.ent">
<ui:UiBinder xmlns:ui="urn:ui:com.google.gwt.uibinder"
	xmlns:g="urn:import:com.google.gwt.user.client.ui"
	xmlns:b3="urn:import:org.gwtbootstrap3.extras.slider.client.ui"
	xmlns:b="urn:import:org.gwtbootstrap3.client.ui">
	<ui:style>      
        .eastPanel {
            background-color: #F60;
        }
        .westPanel {
            background-color: #EEE;
        }
        .northPanel {
            background-color: #39F;
        }
        
        .apatheticsColor{
		color:#c00035;
	}
	
	.adv{
		color:#008035;
	}
	
	.inc{
		color:#ffff00;
	}
	
	.res{
		color:#7030a1;
	
	}
       .run-button{
		/*
		symbols were removed since they gave some trouble with scaling, not a whole lot but some, we can bring them back with below
		property if needed.
		background:#ffffff url('icons/play.png') 3vw 50% no-repeat;
		background-size: 1vw 50%;
		*/
		backround:#cccdcd;
		font-size:2.5vmin;
		border-style:outset;
		padding-top:.1vw;
		padding-bottom:.1vw;
		padding-left:1.5vw;
		text-align:center;
		width:10vw;
		font-size:1.5em;
		font-size:2vmin;
	}
	
	.reset-button{
		/* background:#ffffff url('icons/arrow_undo.png') .001vw 50% no-repeat;
		background-size: 1vw 50%; */
		backround:#cccdcd;
		border-style:outset;
		padding-top:.1vw;
		padding-bottom:.1vw;
		padding-left:1.5vw;
		text-align:left;
		width:10vw;
		font-size:1.5em;
		font-size:2vmin;
	}
	
	
	
	.clear-button{
		/* background:#ffffff url('icons/resultset_first.png') .001vw 50% no-repeat;
		background-size: 1vw 50%; 
		*/
		backround:#cccdcd;
		border-style:outset;
		padding-top:.1vw;
		padding-bottom:.1vw;
		padding-left:1.5vw;
		text-align:center;
		width:10vw;
		font-size:1.5em;
		font-size:2vmin;
	
	}
	
	.rsClear-button{
		/*background:#ffffff url('icons/lightning.png') .001vw 50% no-repeat;
		background-size: 1vw 50%;*/
		backround:#cccdcd;
		border-style:outset;
		padding-top:.1vw;
		padding-bottom:.1vw;
		padding-left:1.5vw;
		text-align:center;
		width:10vw;
		font-size:1.5em;
		font-size:2vmin;
	
	}
	
	.forecast-button{
		/*background:#ffffff url('icons/chart_line.png') .001vw 50% no-repeat;
		background-size: 1vw 50%;*/
		backround:#cccdcd;
		border-style:outset;
		padding-top:.1vw;
		padding-bottom:.1vw;
		padding-left:1.5vw;
		text-align:center;
		width:10vw;
		font-size:1.5em;
		font-size:2vmin;
	
	}
	
	 .add-button{
		background:#cccdcd url('icons/add.png') .001vw 50% no-repeat;
		background-size: 2.5vmin 2.5vmin;
		
	  }
	   .delete-button{
		background:#cccdcd url('icons/delete.png') .001vw 50% no-repeat;
		background-size: 2.5vmin 2.5vmin;
		
	  }
	   .edit-button{
		background:#cccdcd url('icons/edit.png') .001vw 50% no-repeat;
		background-size: 2.5vmin 2.5vmin;
		
	  }
	   .save-button{
		background:#cccdcd url('icons/disk.png') .001vw 50% no-repeat;
		background-size: 2.5vmin 2.5vmin;
		
	  }
	   .order-button{
		background:#cccdcd url('icons/arrow_refresh.png') .001vw 50% no-repeat;
		background-size: 2.5vmin 2.5vmin;
		
	  }
	   .copy-button{
		background:#cccdcd url('icons/page_copy.png') .001vw 50% no-repeat;
		background-size: 2.5vmin 2.5vmin;
		
	  }
      
        .southPanel {
            background-color: #99C;
        }
        .centerPanel {
            background-color: #FFC;
        }  
        .floatPanelHorizontalAlignment{
			
			border:1px solid red;
		} 
		.chartContainerWidth{
			height:99%;
			margin-right:.2em;
			
		}
		
		.topCheckBoxWidth{
			width:10%;
			margin-right:1em;
			height:100%;
		}
		
		.topColumnContainerWidth{
			
			height:99%;
			margin-left:.2em;

		}
		/**style for the topCaption container on contentPanel**/
		/**style for the topCaption container on contentPanel**/
	.topCaption {
		border-color:#47719C;
		border-radius:8px;
		/*margin-top:1em;*/
		padding:2px;
		font-size:1.5em;
		font-size:1.5vmin;
	
	}
	
	.tippingRatioFont{
		font-size:2.5em;
		font-size:2.5vmin;
		color:#c6d9f1;
		font-weight:bold;
		padding-right:1em;
		padding-right:1vmin;
		padding-left:2em;
		padding-left:2vmin;
		
	}
	
	.tippingRatioTextBox{
		/*box-shadow: .2em .2em .2em .1em #e0e0e0;*/
		border-style:solid;
		border-width:thick;
		border-color:#e0e0e0;
		width:3.3vw;
		height:2.5vmin;
		vertical-align:middle;
	
	}
	
	.tippingCheckBox{
		font-size:2.5em;
		font-size:2.5vmin;
		
		
	}

		.topFlowPanel{
			height: 100%;
			
		}
		
		
		 .InputHTMLPanel{
			border:2px solid green;
	   }
	   
	   .southInputPanel{
			padding:.5vmin;
	  }
	  /*
	  input[type=checkbox]
{
  /* Double-sized Checkboxes */
  -ms-transform: scale(.5); /* IE */
  -moz-transform: scale(.5); /* FF */
  -webkit-transform: scale(.5); /* Safari and Chrome */
  -o-transform: scale(1); /* Opera */
  padding: 10px;
}
	*/	
    </ui:style>
     <g:DockLayoutPanel unit="PCT">
     
       <g:north size="50">
       <g:CaptionPanel captionHTML="&#60;b&#62;Output&#60;&#47;b&#62;" styleName="{style.topCaption} {style.northPanel}">
         <g:DockLayoutPanel addStyleNames="{style.topFlowPanel}" unit="PCT">
         	<g:west size="50">
           	 <g:HTMLPanel addStyleNames="{style.floatPanelHorizontalAlignment} {style.chartContainerWidth}" ui:field="controlPanelTopChart">
           	 			<!-- <g:HTML >
    						
    						Left											
    						</g:HTML> -->
    						  
    						   
    					<div id="chartContainer" >
    					
    					</div>	 
    						 							
    						</g:HTMLPanel>
    		</g:west>
    				<g:center>
    					<g:DockLayoutPanel addStyleNames="{style.floatPanelHorizontalAlignment}" unit="PCT" >
    						<g:north size="20">
    							<g:HTMLPanel>
    							<div style="white-space:nowrap;border:1px solid green;width:50%;margin:auto;" class="{style.tippingRatioFont}">Tipping Ratio  <g:TextBox addStyleNames="{style.tippingRatioTextBox}" ui:field="tippingRatioBox" readOnly="true" maxLength="3"></g:TextBox></div>
    							</g:HTMLPanel>
    							
    						</g:north>
    						<g:center>
    							<g:HTMLPanel ui:field="controlPanelGaugeChart">
	    							<div id="gaugeContainer" style="position:relative;left:5%;"></div>	
	    						</g:HTMLPanel>
	    						
	    						
    							
    						</g:center>
    					
    						<g:south size="38">
    						<g:HTMLPanel>
    						
    						<!-- <div style="border:2px solid purple;height:3vh;width:20vw;white-space:nowrap;margin-left:5%;">
    						<g:CheckBox text="firstTextBox1" addStyleNames="{style.tippingCheckBox}"></g:CheckBox>
	    					<g:CheckBox text="firstTextBox2" addStyleNames="{style.tippingCheckBox}"></g:CheckBox>
	    					</div>
    						<div style="border:2px solid blue;height:3vh;width:20vw;white-space:nowrap;margin-left:5%;" >
    						<g:CheckBox text="firstTextBox3" addStyleNames="{style.tippingCheckBox}"></g:CheckBox>
	    					<g:CheckBox text="firstTextBox4" addStyleNames="{style.tippingCheckBox}"></g:CheckBox>
	    					</div> -->
    						<div style="white-space:nowrap;margin-left:15%;">
    						<g:CheckBox text="%Apathetics" addStyleNames="{style.tippingCheckBox} {style.apatheticsColor}" ui:field="apatheticsBox"></g:CheckBox>
	    					</div>
    						<div style="white-space:nowrap;margin-left:15%;" >
    						<g:CheckBox text="%Advocates" addStyleNames="{style.tippingCheckBox} {style.adv}" ui:field="advocatesBox"></g:CheckBox>
	    					</div>
	    					<div style="white-space:nowrap;margin-left:15%;">
    						<g:CheckBox text="%Incubators" addStyleNames="{style.tippingCheckBox} {style.inc}" ui:field="incubatorsBox"></g:CheckBox>
	    					</div>
    						<div style="white-space:nowrap;margin-left:15%;" >
    						<g:CheckBox text="%Resisters" addStyleNames="{style.tippingCheckBox} {style.res}" ui:field="resistersBox"></g:CheckBox>
	    					</div>
    						
    						
    						
    						
    						</g:HTMLPanel>
    						
    						</g:south>
    					
    					
    					</g:DockLayoutPanel>
    				
    				
    				
    				
    				</g:center>	 
    				
    				<g:east size="25" >
    			 <g:HTMLPanel addStyleNames="{style.floatPanelHorizontalAlignment} {style.chartContainerWidth}" ui:field="controlPanelTopColChart">
           	 			<!-- <g:HTML >
    						
    						Left											
    						</g:HTML> -->
    						  
    						   
    					<div id="colContainer" >
    					
    					</div>	 
    						 							
    						</g:HTMLPanel>
    				
    				</g:east>		
    						
    						
         </g:DockLayoutPanel>
        </g:CaptionPanel>
       </g:north>
       
     <!--   <g:west size="15">
         <g:FlowPanel styleName="{style.westPanel}">
           <g:Label>This is the WEST panel</g:Label>
         </g:FlowPanel>
       </g:west> -->
       <g:center>
        <g:DockLayoutPanel styleName="{style.centerPanel}" unit="PCT">
        		<g:center>
        			<g:HTMLPanel >
        			<div style="white-space:nowrap;margin-top:.5em;margin-bottom:.5em;margin-left:.5em">
        				
        				<g:Button styleName="{style.run-button}" ui:field="runButton" text="Run"></g:Button>
        				<g:Button styleName="{style.reset-button}" ui:field="resetButton" text="Reset Input"></g:Button>
        				 
        				<g:Button styleName="{style.clear-button}" ui:field="clearButton" text="Clear Output"></g:Button>
        				 
        				<g:Button styleName="{style.rsClear-button}" ui:field="resetClearButton" text="Reset &amp; Clear"></g:Button>
        				
        				<g:Button styleName="{style.forecast-button}" ui:field="forecastButton" text="Forecast"></g:Button>
        				
        				</div>
        			
        			</g:HTMLPanel>
        		</g:center>
          		 
         		</g:DockLayoutPanel>
       </g:center>
      
        <g:south size="45">
        <g:CaptionPanel captionHTML="&#60;b&#62;Input&#60;&#47;b&#62;" styleName="{style.topCaption} {style.southPanel}">
          <g:DockLayoutPanel unit="PCT" addStyleNames="{style.topFlowPanel}" >
          	<g:west size="3">
          	<g:HTMLPanel addStyleNames="{style.InputHTMLPanel}">
          	
          		<div style="white-space:nowrap;margin-left:.5vmin;width:50%">
          		<g:Button styleName="{style.add-button}" ui:field="addButton" height="3.5vmin" width="3.5vmin" ></g:Button>
          		</div>
          		<div style="white-space:nowrap;margin-left:.5vmin;width:50%">
          		<g:Button styleName="{style.delete-button}" ui:field="deleteButton" height="3.5vmin" width="3.5vmin" ></g:Button>
          		</div>
          		<div style="white-space:nowrap;margin-left:.5vmin;width:50%">
          		<g:Button styleName="{style.edit-button}" ui:field="editButton" height="3.5vmin" width="3.5vmin" ></g:Button>
          		</div>
          		<div style="white-space:nowrap;margin-left:.5vmin;width:50%">
          		<g:Button styleName="{style.save-button}" ui:field="saveButton" height="3.5vmin" width="3.5vmin" ></g:Button>
          		</div>
          		<div style="white-space:nowrap;margin-left:.5vmin;width:50%">
          		<g:Button styleName="{style.order-button}" ui:field="orderButton" height="3.5vmin" width="3.5vmin" ></g:Button>
          		</div>
          		<div style="white-space:nowrap;margin-left:.5vmin;width:50%">
          		<g:Button styleName="{style.copy-button}" ui:field="copyButton" height="3.5vmin" width="3.5vmin" ></g:Button>
          		</div>
          	
          	</g:HTMLPanel>
          	</g:west>
          	<g:east size="97">
          		<g:DockLayoutPanel unit="PCT" >
          			<g:north size="50">
          			<g:HTMLPanel addStyleNames="{style.southInputPanel}">
          			<g:Label>This is the North panel</g:Label>
          			
          			<!--  -->
          			<b3:Slider ui:field="mySlider" min="0" max="20" step="1" value="14"/>
          			
          			</g:HTMLPanel>
          			</g:north>
          			
          			
          			
          			<g:south size="50">
          			<g:HTMLPanel addStyleNames="{style.southInputPanel}">
          			
          			<g:Label>This is the South panel</g:Label>
          			</g:HTMLPanel>
          			
          			</g:south>
          		
          		
          		
          		</g:DockLayoutPanel>
          	
          	
          	</g:east>
          
          </g:DockLayoutPanel>
      </g:CaptionPanel>
        </g:south>     
     </g:DockLayoutPanel>
</ui:UiBinder> 